category,file,frames_processed,frames_with_pose,detection_rate,error
barbell_biceps_curl,arc1_final_kaggle_with_additional_video_barbell_biceps_curl_1.mp4,114,114,100.0,
barbell_biceps_curl,arc1_final_kaggle_with_additional_video_barbell_biceps_curl_10.mp4,59,59,100.0,
barbell_biceps_curl,arc1_final_kaggle_with_additional_video_barbell_biceps_curl_11.mp4,201,201,100.0,
barbell_biceps_curl,arc1_final_kaggle_with_additional_video_barbell_biceps_curl_12.mp4,123,123,100.0,
barbell_biceps_curl,arc1_final_kaggle_with_additional_video_barbell_biceps_curl_13.mp4,141,141,100.0,
barbell_biceps_curl,arc1_final_kaggle_with_additional_video_barbell_biceps_curl_14.mp4,69,69,100.0,
barbell_biceps_curl,arc1_final_kaggle_with_additional_video_barbell_biceps_curl_15.mp4,65,65,100.0,
barbell_biceps_curl,arc1_final_kaggle_with_additional_video_barbell_biceps_curl_16.mp4,63,63,100.0,
barbell_biceps_curl,arc1_final_kaggle_with_additional_video_barbell_biceps_curl_17.mp4,61,61,100.0,
barbell_biceps_curl,arc1_final_kaggle_with_additional_video_barbell_biceps_curl_18.mp4,229,229,100.0,
barbell_biceps_curl,arc1_final_kaggle_with_additional_video_barbell_biceps_curl_19.mp4,421,421,100.0,
barbell_biceps_curl,arc1_final_kaggle_with_additional_video_barbell_biceps_curl_2.mp4,77,77,100.0,
barbell_biceps_curl,arc1_final_kaggle_with_additional_video_barbell_biceps_curl_20.mp4,94,94,100.0,
barbell_biceps_curl,arc1_final_kaggle_with_additional_video_barbell_biceps_curl_21.mp4,120,120,100.0,
barbell_biceps_curl,arc1_final_kaggle_with_additional_video_barbell_biceps_curl_22.mp4,70,70,100.0,
barbell_biceps_curl,arc1_final_kaggle_with_additional_video_barbell_biceps_curl_23.mp4,70,70,100.0,
barbell_biceps_curl,arc1_final_kaggle_with_additional_video_barbell_biceps_curl_24.mp4,84,84,100.0,
barbell_biceps_curl,arc1_final_kaggle_with_additional_video_barbell_biceps_curl_25.mp4,78,78,100.0,
barbell_biceps_curl,arc1_final_kaggle_with_additional_video_barbell_biceps_curl_3.mp4,73,73,100.0,
barbell_biceps_curl,arc1_final_kaggle_with_additional_video_barbell_biceps_curl_4.mp4,53,53,100.0,
barbell_biceps_curl,arc1_final_kaggle_with_additional_video_barbell_biceps_curl_5.mp4,82,81,98.78,
barbell_biceps_curl,arc1_final_kaggle_with_additional_video_barbell_biceps_curl_6.mp4,80,80,100.0,
barbell_biceps_curl,arc1_final_kaggle_with_additional_video_barbell_biceps_curl_7.mp4,138,138,100.0,
barbell_biceps_curl,arc1_final_kaggle_with_additional_video_barbell_biceps_curl_8.mp4,98,98,100.0,
barbell_biceps_curl,arc1_final_kaggle_with_additional_video_barbell_biceps_curl_9.mp4,72,67,93.06,
barbell_biceps_curl,arc1_my_test_video_1_barbell_biceps_curl_1.mp4,577,576,99.83,
barbell_biceps_curl,arc1_my_test_video_1_barbell_biceps_curl_2.mp4,375,375,100.0,
barbell_biceps_curl,arc1_my_test_video_1_barbell_biceps_curl_3.mp4,412,411,99.76,
barbell_biceps_curl,arc1_my_test_video_1_barbell_biceps_curl_4.mp4,217,216,99.54,
barbell_biceps_curl,arc1_similar_dataset_0d402adf-578c-4c26-ba50-3b28a6f0e648.mp4,258,258,100.0,
barbell_biceps_curl,arc1_similar_dataset_1a3e6f0d-fb99-4e4d-b80f-831c7f38aca9.mp4,240,240,100.0,
barbell_biceps_curl,arc1_similar_dataset_27d82bac-ce83-4f91-a381-c11dd0bf6932.mp4,300,299,99.67,
barbell_biceps_curl,arc1_similar_dataset_3f034ee8-792b-4646-8746-c0dbbf6e5b50.mp4,300,300,100.0,
barbell_biceps_curl,arc1_similar_dataset_72fb4cb4-ecad-44df-a0e1-5e4f4b581f9e.mp4,192,166,86.46,
barbell_biceps_curl,arc1_similar_dataset_89b99b36-5491-4bc6-952c-53a67b889b62.mp4,300,300,100.0,
barbell_biceps_curl,arc1_similar_dataset_ac696ae8-e815-4f5f-bd32-864e2477e3ce.mp4,192,192,100.0,
barbell_biceps_curl,arc1_similar_dataset_f20150e2-f6e1-41e9-ab13-9d1e42599bba.mp4,300,284,94.67,
barbell_biceps_curl,arc1_similar_dataset_f32c33d2-e298-499a-a61e-7236d6f1ba64.mp4,270,263,97.41,
barbell_biceps_curl,arc1_similar_dataset_f9d9d0bb-7286-4074-8d3c-e73d4072ad79.mp4,242,242,100.0,
barbell_biceps_curl,arc2_barbell_biceps_curl_10.mp4,94,94,100.0,
barbell_biceps_curl,arc2_barbell_biceps_curl_11.mp4,75,74,98.67,
barbell_biceps_curl,arc2_barbell_biceps_curl_13.mp4,122,122,100.0,
barbell_biceps_curl,arc2_barbell_biceps_curl_18.mp4,67,67,100.0,
barbell_biceps_curl,arc2_barbell_biceps_curl_19.mp4,60,60,100.0,
barbell_biceps_curl,arc2_barbell_biceps_curl_20.mp4,56,12,21.43,
barbell_biceps_curl,arc2_barbell_biceps_curl_21.mp4,58,29,50.0,
barbell_biceps_curl,arc2_barbell_biceps_curl_22.mp4,58,36,62.07,
barbell_biceps_curl,arc2_barbell_biceps_curl_27.mp4,55,39,70.91,
barbell_biceps_curl,arc2_barbell_biceps_curl_28.mp4,61,42,68.85,
barbell_biceps_curl,arc2_barbell_biceps_curl_29.mp4,58,21,36.21,
barbell_biceps_curl,arc2_barbell_biceps_curl_30.mp4,49,49,100.0,
barbell_biceps_curl,arc2_barbell_biceps_curl_31.mp4,65,65,100.0,
barbell_biceps_curl,arc2_barbell_biceps_curl_32.mp4,65,65,100.0,
barbell_biceps_curl,arc2_barbell_biceps_curl_33.mp4,62,62,100.0,
barbell_biceps_curl,arc2_barbell_biceps_curl_34.mp4,63,63,100.0,
barbell_biceps_curl,arc2_barbell_biceps_curl_35.mp4,58,58,100.0,
barbell_biceps_curl,arc2_barbell_biceps_curl_36.mp4,50,50,100.0,
barbell_biceps_curl,arc2_barbell_biceps_curl_38.mp4,59,59,100.0,
barbell_biceps_curl,arc2_barbell_biceps_curl_39.mp4,54,54,100.0,
barbell_biceps_curl,arc2_barbell_biceps_curl_41.mp4,201,138,68.66,
barbell_biceps_curl,arc2_barbell_biceps_curl_43.mp4,132,131,99.24,
barbell_biceps_curl,arc2_barbell_biceps_curl_49.mp4,90,90,100.0,
barbell_biceps_curl,arc2_barbell_biceps_curl_51.mp4,282,282,100.0,
barbell_biceps_curl,arc2_barbell_biceps_curl_52.mp4,372,372,100.0,
barbell_biceps_curl,arc2_barbell_biceps_curl_53.mp4,176,176,100.0,
barbell_biceps_curl,arc2_barbell_biceps_curl_54.mp4,132,132,100.0,
barbell_biceps_curl,arc2_barbell_biceps_curl_55.mp4,147,147,100.0,
barbell_biceps_curl,arc2_barbell_biceps_curl_56.mp4,213,206,96.71,
barbell_biceps_curl,arc2_barbell_biceps_curl_57.mp4,234,234,100.0,
barbell_biceps_curl,arc2_barbell_biceps_curl_58.mp4,162,128,79.01,
barbell_biceps_curl,arc2_barbell_biceps_curl_59.mp4,194,193,99.48,
barbell_biceps_curl,arc2_barbell_biceps_curl_6.mp4,123,122,99.19,
barbell_biceps_curl,arc2_barbell_biceps_curl_60.mp4,246,224,91.06,
barbell_biceps_curl,arc2_barbell_biceps_curl_61.mp4,70,70,100.0,
barbell_biceps_curl,arc2_barbell_biceps_curl_62.mp4,98,97,98.98,
bench_press,arc2_bench_press_1.mp4,58,57,98.28,
bench_press,arc2_bench_press_10.mp4,53,52,98.11,
bench_press,arc2_bench_press_11.mp4,39,39,100.0,
bench_press,arc2_bench_press_12.mp4,150,150,100.0,
bench_press,arc2_bench_press_13.mp4,78,77,98.72,
bench_press,arc2_bench_press_14.mp4,54,45,83.33,
bench_press,arc2_bench_press_15.mp4,99,98,98.99,
bench_press,arc2_bench_press_16.mp4,72,42,58.33,
bench_press,arc2_bench_press_17.mp4,104,104,100.0,
bench_press,arc2_bench_press_18.mp4,81,81,100.0,
bench_press,arc2_bench_press_19.mp4,71,56,78.87,
bench_press,arc2_bench_press_2.mp4,58,58,100.0,
bench_press,arc2_bench_press_20.mp4,65,65,100.0,
bench_press,arc2_bench_press_21.mp4,82,81,98.78,
bench_press,arc2_bench_press_22.mp4,62,61,98.39,
bench_press,arc2_bench_press_23.mp4,64,64,100.0,
bench_press,arc2_bench_press_24.mp4,70,69,98.57,
bench_press,arc2_bench_press_25.mp4,51,51,100.0,
bench_press,arc2_bench_press_26.mp4,62,32,51.61,
bench_press,arc2_bench_press_27.mp4,62,23,37.1,
bench_press,arc2_bench_press_28.mp4,103,102,99.03,
bench_press,arc2_bench_press_3.mp4,86,86,100.0,
bench_press,arc2_bench_press_30.mp4,65,64,98.46,
bench_press,arc2_bench_press_31.mp4,77,70,90.91,
bench_press,arc2_bench_press_32.mp4,115,115,100.0,
bench_press,arc2_bench_press_33.mp4,70,70,100.0,
bench_press,arc2_bench_press_34.mp4,146,132,90.41,
bench_press,arc2_bench_press_36.mp4,139,125,89.93,
bench_press,arc2_bench_press_39.mp4,755,605,80.13,
bench_press,arc2_bench_press_4.mp4,60,60,100.0,
bench_press,arc2_bench_press_40.mp4,225,166,73.78,
bench_press,arc2_bench_press_41.mp4,68,66,97.06,
bench_press,arc2_bench_press_42.mp4,125,105,84.0,
bench_press,arc2_bench_press_43.mp4,63,53,84.13,
bench_press,arc2_bench_press_44.mp4,125,125,100.0,
bench_press,arc2_bench_press_46.mp4,45,45,100.0,
bench_press,arc2_bench_press_47.mp4,65,59,90.77,
bench_press,arc2_bench_press_48.mp4,160,81,50.62,
bench_press,arc2_bench_press_49.mp4,75,72,96.0,
bench_press,arc2_bench_press_5.mp4,46,46,100.0,
bench_press,arc2_bench_press_50.mp4,50,9,18.0,
bench_press,arc2_bench_press_51.mp4,58,33,56.9,
bench_press,arc2_bench_press_52.mp4,35,28,80.0,
bench_press,arc2_bench_press_53.mp4,43,19,44.19,
bench_press,arc2_bench_press_54.mp4,82,35,42.68,
bench_press,arc2_bench_press_55.mp4,30,2,6.67,
bench_press,arc2_bench_press_56.mp4,107,69,64.49,
bench_press,arc2_bench_press_57.mp4,100,91,91.0,
bench_press,arc2_bench_press_58.mp4,46,46,100.0,
bench_press,arc2_bench_press_6.mp4,63,52,82.54,
bench_press,arc2_bench_press_60.mp4,141,130,92.2,
bench_press,arc2_bench_press_61.mp4,105,105,100.0,
bench_press,arc2_bench_press_7.mp4,83,82,98.8,
bench_press,arc2_bench_press_8.mp4,83,82,98.8,
chest_fly_machine,arc2_chest_fly_machine_1.mp4,150,149,99.33,
chest_fly_machine,arc2_chest_fly_machine_10.mp4,102,102,100.0,
chest_fly_machine,arc2_chest_fly_machine_11.mp4,108,108,100.0,
chest_fly_machine,arc2_chest_fly_machine_12.mp4,106,106,100.0,
chest_fly_machine,arc2_chest_fly_machine_13.mp4,93,93,100.0,
chest_fly_machine,arc2_chest_fly_machine_14.mp4,110,110,100.0,
chest_fly_machine,arc2_chest_fly_machine_15.mp4,148,141,95.27,
chest_fly_machine,arc2_chest_fly_machine_16.mp4,80,80,100.0,
chest_fly_machine,arc2_chest_fly_machine_17.mp4,131,131,100.0,
chest_fly_machine,arc2_chest_fly_machine_18.mp4,132,132,100.0,
chest_fly_machine,arc2_chest_fly_machine_19.mp4,312,311,99.68,
chest_fly_machine,arc2_chest_fly_machine_2.mp4,104,104,100.0,
chest_fly_machine,arc2_chest_fly_machine_20.mp4,204,204,100.0,
chest_fly_machine,arc2_chest_fly_machine_21.mp4,215,215,100.0,
chest_fly_machine,arc2_chest_fly_machine_22.mp4,453,453,100.0,
chest_fly_machine,arc2_chest_fly_machine_23.mp4,420,420,100.0,
chest_fly_machine,arc2_chest_fly_machine_24.mp4,180,180,100.0,
chest_fly_machine,arc2_chest_fly_machine_25.mp4,255,254,99.61,
chest_fly_machine,arc2_chest_fly_machine_26.mp4,756,754,99.74,
chest_fly_machine,arc2_chest_fly_machine_3.mp4,80,80,100.0,
chest_fly_machine,arc2_chest_fly_machine_4.mp4,135,135,100.0,
chest_fly_machine,arc2_chest_fly_machine_5.mp4,97,97,100.0,
chest_fly_machine,arc2_chest_fly_machine_6.mp4,129,129,100.0,
chest_fly_machine,arc2_chest_fly_machine_7.mp4,97,97,100.0,
chest_fly_machine,arc2_chest_fly_machine_8.mp4,153,150,98.04,
chest_fly_machine,arc2_chest_fly_machine_9.mp4,153,153,100.0,
deadlift,arc2_deadlift_1.mp4,150,150,100.0,
deadlift,arc2_deadlift_10.mp4,150,149,99.33,
deadlift,arc2_deadlift_13.mp4,263,263,100.0,
deadlift,arc2_deadlift_14.mp4,150,150,100.0,
deadlift,arc2_deadlift_15.mp4,68,68,100.0,
deadlift,arc2_deadlift_16.mp4,109,109,100.0,
deadlift,arc2_deadlift_17.mp4,147,147,100.0,
deadlift,arc2_deadlift_18.mp4,105,105,100.0,
deadlift,arc2_deadlift_19.mp4,62,62,100.0,
deadlift,arc2_deadlift_2.mp4,150,150,100.0,
deadlift,arc2_deadlift_20.mp4,59,58,98.31,
deadlift,arc2_deadlift_21.mp4,195,195,100.0,
deadlift,arc2_deadlift_22.mp4,70,70,100.0,
deadlift,arc2_deadlift_23.mp4,72,72,100.0,
deadlift,arc2_deadlift_24.mp4,103,103,100.0,
deadlift,arc2_deadlift_26.mp4,180,178,98.89,
deadlift,arc2_deadlift_29.mp4,103,102,99.03,
deadlift,arc2_deadlift_3.mp4,150,149,99.33,
deadlift,arc2_deadlift_30.mp4,185,184,99.46,
deadlift,arc2_deadlift_31.mp4,144,132,91.67,
deadlift,arc2_deadlift_32.mp4,105,105,100.0,
deadlift,arc2_deadlift_4.mp4,150,149,99.33,
deadlift,arc2_deadlift_5.mp4,150,150,100.0,
deadlift,arc2_deadlift_6.mp4,150,149,99.33,
deadlift,arc2_deadlift_7.mp4,150,149,99.33,
deadlift,arc2_deadlift_8.mp4,150,150,100.0,
deadlift,arc2_deadlift_9.mp4,147,147,100.0,
decline_bench_press,arc2_dbp_10.mp4,324,321,99.07,
decline_bench_press,arc2_dbp_3.MOV,201,200,99.5,
decline_bench_press,arc2_dbp_4.MOV,694,686,98.85,
decline_bench_press,arc2_dbp_5.MOV,801,592,73.91,
decline_bench_press,arc2_dbp_6.MOV,758,757,99.87,
decline_bench_press,arc2_dbp_7.MOV,718,707,98.47,
decline_bench_press,arc2_dbp_8.mp4,68,62,91.18,
decline_bench_press,arc2_dbp_9.mp4,192,175,91.15,
hammer_curl,arc1_final_kaggle_with_additional_video_hammer_curl_1.MOV,394,393,99.75,
hammer_curl,arc1_final_kaggle_with_additional_video_hammer_curl_10.mp4,84,61,72.62,
hammer_curl,arc1_final_kaggle_with_additional_video_hammer_curl_12.mp4,93,93,100.0,
hammer_curl,arc1_final_kaggle_with_additional_video_hammer_curl_13.mp4,291,291,100.0,
hammer_curl,arc1_final_kaggle_with_additional_video_hammer_curl_14.mp4,51,51,100.0,
hammer_curl,arc1_final_kaggle_with_additional_video_hammer_curl_15.mp4,114,114,100.0,
hammer_curl,arc1_final_kaggle_with_additional_video_hammer_curl_16.mp4,303,303,100.0,
hammer_curl,arc1_final_kaggle_with_additional_video_hammer_curl_17.mp4,323,323,100.0,
hammer_curl,arc1_final_kaggle_with_additional_video_hammer_curl_18.mp4,93,93,100.0,
hammer_curl,arc1_final_kaggle_with_additional_video_hammer_curl_19.mp4,315,315,100.0,
hammer_curl,arc1_final_kaggle_with_additional_video_hammer_curl_2.MOV,381,380,99.74,
hammer_curl,arc1_final_kaggle_with_additional_video_hammer_curl_3.MOV,491,491,100.0,
hammer_curl,arc1_final_kaggle_with_additional_video_hammer_curl_4.MOV,439,438,99.77,
hammer_curl,arc1_final_kaggle_with_additional_video_hammer_curl_5.MOV,430,427,99.3,
hammer_curl,arc1_final_kaggle_with_additional_video_hammer_curl_6.MOV,366,366,100.0,
hammer_curl,arc1_final_kaggle_with_additional_video_hammer_curl_7.MOV,480,480,100.0,
hammer_curl,arc1_final_kaggle_with_additional_video_hammer_curl_8.mp4,249,246,98.8,
hammer_curl,arc1_final_kaggle_with_additional_video_hammer_curl_9.mp4,141,87,61.7,
hip_thrust,arc2_hip_thrust_1.MOV,411,363,88.32,
hip_thrust,arc2_hip_thrust_10.mp4,381,381,100.0,
hip_thrust,arc2_hip_thrust_13.mp4,144,134,93.06,
hip_thrust,arc2_hip_thrust_17.mp4,73,73,100.0,
hip_thrust,arc2_hip_thrust_2.MOV,487,296,60.78,
hip_thrust,arc2_hip_thrust_3.MOV,455,453,99.56,
hip_thrust,arc2_hip_thrust_4.MOV,547,547,100.0,
hip_thrust,arc2_hip_thrust_6.mp4,113,112,99.12,
hip_thrust,arc2_hip_thrust_7.mp4,299,298,99.67,
hip_thrust,arc2_hip_thrust_8.mp4,150,150,100.0,
hip_thrust,arc2_hip_thrust_9.mp4,389,389,100.0,
incline_bench_press,arc2_incline_bench_press_1.mp4,120,119,99.17,
incline_bench_press,arc2_incline_bench_press_10.mp4,65,64,98.46,
incline_bench_press,arc2_incline_bench_press_11.mp4,52,52,100.0,
incline_bench_press,arc2_incline_bench_press_12.mp4,65,15,23.08,
incline_bench_press,arc2_incline_bench_press_13.mp4,47,16,34.04,
incline_bench_press,arc2_incline_bench_press_14.mp4,74,74,100.0,
incline_bench_press,arc2_incline_bench_press_15.mp4,87,87,100.0,
incline_bench_press,arc2_incline_bench_press_16.mp4,62,61,98.39,
incline_bench_press,arc2_incline_bench_press_17.mp4,75,74,98.67,
incline_bench_press,arc2_incline_bench_press_18.mp4,110,108,98.18,
incline_bench_press,arc2_incline_bench_press_19.mp4,85,85,100.0,
incline_bench_press,arc2_incline_bench_press_2.mp4,62,56,90.32,
incline_bench_press,arc2_incline_bench_press_20.mp4,93,93,100.0,
incline_bench_press,arc2_incline_bench_press_21.mp4,94,94,100.0,
incline_bench_press,arc2_incline_bench_press_22.mp4,72,72,100.0,
incline_bench_press,arc2_incline_bench_press_23.mp4,99,98,98.99,
incline_bench_press,arc2_incline_bench_press_24.mp4,78,77,98.72,
incline_bench_press,arc2_incline_bench_press_25.mp4,74,74,100.0,
incline_bench_press,arc2_incline_bench_press_26.mp4,989,955,96.56,
incline_bench_press,arc2_incline_bench_press_27.mp4,747,703,94.11,
incline_bench_press,arc2_incline_bench_press_28.mp4,792,766,96.72,
incline_bench_press,arc2_incline_bench_press_29.mp4,137,137,100.0,
incline_bench_press,arc2_incline_bench_press_3.mp4,46,46,100.0,
incline_bench_press,arc2_incline_bench_press_30.mp4,887,881,99.32,
incline_bench_press,arc2_incline_bench_press_31.mp4,725,651,89.79,
incline_bench_press,arc2_incline_bench_press_32.mp4,937,937,100.0,
incline_bench_press,arc2_incline_bench_press_33.mp4,72,72,100.0,
incline_bench_press,arc2_incline_bench_press_4.mp4,53,52,98.11,
incline_bench_press,arc2_incline_bench_press_5.mp4,40,40,100.0,
incline_bench_press,arc2_incline_bench_press_6.mp4,111,110,99.1,
incline_bench_press,arc2_incline_bench_press_7.mp4,40,39,97.5,
incline_bench_press,arc2_incline_bench_press_8.mp4,45,44,97.78,
incline_bench_press,arc2_incline_bench_press_9.mp4,71,71,100.0,
lat_pulldown,arc2_lat_pulldown_1.mp4,101,101,100.0,
lat_pulldown,arc2_lat_pulldown_10.mp4,131,131,100.0,
lat_pulldown,arc2_lat_pulldown_11.mp4,61,61,100.0,
lat_pulldown,arc2_lat_pulldown_12.mp4,160,160,100.0,
lat_pulldown,arc2_lat_pulldown_13.mp4,38,37,97.37,
lat_pulldown,arc2_lat_pulldown_14.mp4,109,109,100.0,
lat_pulldown,arc2_lat_pulldown_15.mp4,150,150,100.0,
lat_pulldown,arc2_lat_pulldown_16.mp4,101,101,100.0,
lat_pulldown,arc2_lat_pulldown_17.mp4,70,70,100.0,
lat_pulldown,arc2_lat_pulldown_18.mp4,70,70,100.0,
lat_pulldown,arc2_lat_pulldown_19.mp4,72,72,100.0,
lat_pulldown,arc2_lat_pulldown_2.mp4,74,74,100.0,
lat_pulldown,arc2_lat_pulldown_20.mp4,74,74,100.0,
lat_pulldown,arc2_lat_pulldown_21.mp4,60,60,100.0,
lat_pulldown,arc2_lat_pulldown_22.mp4,72,72,100.0,
lat_pulldown,arc2_lat_pulldown_23.mp4,106,74,69.81,
lat_pulldown,arc2_lat_pulldown_24.mp4,74,58,78.38,
lat_pulldown,arc2_lat_pulldown_25.mp4,98,86,87.76,
lat_pulldown,arc2_lat_pulldown_26.mp4,158,158,100.0,
lat_pulldown,arc2_lat_pulldown_27.mp4,350,350,100.0,
lat_pulldown,arc2_lat_pulldown_28.mp4,97,97,100.0,
lat_pulldown,arc2_lat_pulldown_3.mp4,69,69,100.0,
lat_pulldown,arc2_lat_pulldown_32.mp4,106,89,83.96,
lat_pulldown,arc2_lat_pulldown_33.mp4,58,57,98.28,
lat_pulldown,arc2_lat_pulldown_34.mp4,79,78,98.73,
lat_pulldown,arc2_lat_pulldown_36.mp4,79,79,100.0,
lat_pulldown,arc2_lat_pulldown_37.mp4,103,85,82.52,
lat_pulldown,arc2_lat_pulldown_38.mp4,96,93,96.88,
lat_pulldown,arc2_lat_pulldown_39.mp4,69,69,100.0,
lat_pulldown,arc2_lat_pulldown_4.mp4,65,65,100.0,
lat_pulldown,arc2_lat_pulldown_40.mp4,240,240,100.0,
lat_pulldown,arc2_lat_pulldown_43.mp4,153,153,100.0,
lat_pulldown,arc2_lat_pulldown_44.mp4,117,117,100.0,
lat_pulldown,arc2_lat_pulldown_45.mp4,222,222,100.0,
lat_pulldown,arc2_lat_pulldown_46.mp4,305,305,100.0,
lat_pulldown,arc2_lat_pulldown_47.mp4,87,87,100.0,
lat_pulldown,arc2_lat_pulldown_48.mp4,287,287,100.0,
lat_pulldown,arc2_lat_pulldown_49.mp4,258,258,100.0,
lat_pulldown,arc2_lat_pulldown_5.mp4,68,62,91.18,
lat_pulldown,arc2_lat_pulldown_50.mp4,116,115,99.14,
lat_pulldown,arc2_lat_pulldown_51.mp4,77,77,100.0,
lat_pulldown,arc2_lat_pulldown_6.mp4,101,6,5.94,
lat_pulldown,arc2_lat_pulldown_7.mp4,150,150,100.0,
lat_pulldown,arc2_lat_pulldown_8.mp4,149,149,100.0,
lat_pulldown,arc2_lat_pulldown_9.mp4,103,103,100.0,
lateral_raise,arc2_lateral_raise_10.mp4,149,149,100.0,
lateral_raise,arc2_lateral_raise_14.mp4,188,188,100.0,
lateral_raise,arc2_lateral_raise_15.mp4,89,89,100.0,
lateral_raise,arc2_lateral_raise_16.mp4,120,120,100.0,
lateral_raise,arc2_lateral_raise_17.mp4,171,171,100.0,
lateral_raise,arc2_lateral_raise_18.mp4,81,81,100.0,
lateral_raise,arc2_lateral_raise_21.mp4,77,77,100.0,
lateral_raise,arc2_lateral_raise_22.mp4,86,86,100.0,
lateral_raise,arc2_lateral_raise_23.mp4,87,87,100.0,
lateral_raise,arc2_lateral_raise_24.mp4,175,175,100.0,
lateral_raise,arc2_lateral_raise_25.mp4,166,166,100.0,
lateral_raise,arc2_lateral_raise_26.mp4,245,245,100.0,
lateral_raise,arc2_lateral_raise_27.mp4,180,180,100.0,
lateral_raise,arc2_lateral_raise_28.mp4,271,271,100.0,
lateral_raise,arc2_lateral_raise_3.MOV,432,432,100.0,
lateral_raise,arc2_lateral_raise_30.mp4,216,216,100.0,
lateral_raise,arc2_lateral_raise_31.mp4,294,294,100.0,
lateral_raise,arc2_lateral_raise_6.MOV,550,550,100.0,
lateral_raise,arc2_lateral_raise_7.mp4,60,60,100.0,
lateral_raise,arc2_lateral_raise_8.mp4,58,58,100.0,
lateral_raise,arc2_lateral_raise_9.mp4,166,166,100.0,
leg_extension,arc2_leg_extension_1.MOV,410,410,100.0,
leg_extension,arc2_leg_extension_14.mp4,98,0,0.0,
leg_extension,arc2_leg_extension_15.mp4,171,164,95.91,
leg_extension,arc2_leg_extension_17.mp4,258,257,99.61,
leg_extension,arc2_leg_extension_18.mp4,495,495,100.0,
leg_extension,arc2_leg_extension_19.mp4,96,96,100.0,
leg_extension,arc2_leg_extension_2.MOV,289,289,100.0,
leg_extension,arc2_leg_extension_20.mp4,372,372,100.0,
leg_extension,arc2_leg_extension_21.mp4,141,141,100.0,
leg_extension,arc2_leg_extension_22.mp4,186,113,60.75,
leg_extension,arc2_leg_extension_23.mp4,177,177,100.0,
leg_extension,arc2_leg_extension_24.mp4,219,181,82.65,
leg_extension,arc2_leg_extension_25.mp4,207,207,100.0,
leg_extension,arc2_leg_extension_3.MOV,365,365,100.0,
leg_extension,arc2_leg_extension_4.MOV,371,371,100.0,
leg_extension,arc2_leg_extension_5.MOV,378,378,100.0,
leg_extension,arc2_leg_extension_6.MOV,373,373,100.0,
leg_extension,arc2_leg_extension_7.mp4,74,74,100.0,
leg_extension,arc2_leg_extension_8.mp4,161,161,100.0,
leg_raises,arc2_leg_raises_1.MOV,410,410,100.0,
leg_raises,arc2_leg_raises_10.mp4,187,187,100.0,
leg_raises,arc2_leg_raises_12.mp4,190,190,100.0,
leg_raises,arc2_leg_raises_13.mp4,181,181,100.0,
leg_raises,arc2_leg_raises_14.mp4,295,295,100.0,
leg_raises,arc2_leg_raises_15.mp4,150,149,99.33,
leg_raises,arc2_leg_raises_16.mp4,219,219,100.0,
leg_raises,arc2_leg_raises_17.mp4,325,325,100.0,
leg_raises,arc2_leg_raises_18.mp4,144,140,97.22,
leg_raises,arc2_leg_raises_19.mp4,212,155,73.11,
leg_raises,arc2_leg_raises_2.MOV,444,444,100.0,
leg_raises,arc2_leg_raises_20.mp4,67,67,100.0,
leg_raises,arc2_leg_raises_21.mp4,60,60,100.0,
leg_raises,arc2_leg_raises_3.MOV,361,361,100.0,
leg_raises,arc2_leg_raises_4.MOV,225,225,100.0,
leg_raises,arc2_leg_raises_5.MOV,474,474,100.0,
leg_raises,arc2_leg_raises_6.MOV,351,351,100.0,
leg_raises,arc2_leg_raises_7.mp4,354,354,100.0,
leg_raises,arc2_leg_raises_9.mp4,211,211,100.0,
plank,arc2_plank_1.MOV,1104,1074,97.28,
plank,arc2_plank_6.mp4,664,663,99.85,
plank,arc2_plank_7.mp4,6840,6836,99.94,
pull_up,arc2_pull_up_1.mp4,526,525,99.81,
pull_up,arc2_pull_up_10.mp4,243,243,100.0,
pull_up,arc2_pull_up_11.mp4,220,220,100.0,
pull_up,arc2_pull_up_12.mp4,195,193,98.97,
pull_up,arc2_pull_up_13.mp4,402,402,100.0,
pull_up,arc2_pull_up_14.mp4,202,202,100.0,
pull_up,arc2_pull_up_15.mp4,165,163,98.79,
pull_up,arc2_pull_up_16.mp4,58,52,89.66,
pull_up,arc2_pull_up_17.mp4,75,75,100.0,
pull_up,arc2_pull_up_18.mp4,86,86,100.0,
pull_up,arc2_pull_up_19.mp4,46,40,86.96,
pull_up,arc2_pull_up_2.mp4,434,433,99.77,
pull_up,arc2_pull_up_20.mp4,243,242,99.59,
pull_up,arc2_pull_up_21.mp4,255,255,100.0,
pull_up,arc2_pull_up_22.mp4,210,209,99.52,
pull_up,arc2_pull_up_23.mp4,126,126,100.0,
pull_up,arc2_pull_up_24.mp4,93,93,100.0,
pull_up,arc2_pull_up_25.mp4,81,81,100.0,
pull_up,arc2_pull_up_4.mp4,575,575,100.0,
pull_up,arc2_pull_up_5.mp4,145,140,96.55,
pull_up,arc2_pull_up_6.mp4,308,308,100.0,
pull_up,arc2_pull_up_7.mp4,270,270,100.0,
pull_up,arc2_pull_up_8.mp4,140,140,100.0,
pull_up,arc2_pull_up_9.mp4,365,365,100.0,
push-up,arc1_final_kaggle_with_additional_video_push-up_1.mp4,150,149,99.33,
push-up,arc1_final_kaggle_with_additional_video_push-up_10.mp4,150,148,98.67,
push-up,arc1_final_kaggle_with_additional_video_push-up_11.mp4,108,108,100.0,
push-up,arc1_final_kaggle_with_additional_video_push-up_12.mp4,150,150,100.0,
push-up,arc1_final_kaggle_with_additional_video_push-up_13.mp4,145,145,100.0,
push-up,arc1_final_kaggle_with_additional_video_push-up_14.mp4,150,150,100.0,
push-up,arc1_final_kaggle_with_additional_video_push-up_15.mp4,150,150,100.0,
push-up,arc1_final_kaggle_with_additional_video_push-up_16.mp4,140,139,99.29,
push-up,arc1_final_kaggle_with_additional_video_push-up_17.mp4,150,150,100.0,
push-up,arc1_final_kaggle_with_additional_video_push-up_18.mp4,150,149,99.33,
push-up,arc1_final_kaggle_with_additional_video_push-up_19.mp4,150,150,100.0,
push-up,arc1_final_kaggle_with_additional_video_push-up_2.mp4,150,149,99.33,
push-up,arc1_final_kaggle_with_additional_video_push-up_20.mp4,82,82,100.0,
push-up,arc1_final_kaggle_with_additional_video_push-up_21.mp4,113,113,100.0,
push-up,arc1_final_kaggle_with_additional_video_push-up_22.mp4,150,150,100.0,
push-up,arc1_final_kaggle_with_additional_video_push-up_23.mp4,116,116,100.0,
push-up,arc1_final_kaggle_with_additional_video_push-up_24.mp4,126,125,99.21,
push-up,arc1_final_kaggle_with_additional_video_push-up_25.mp4,98,97,98.98,
push-up,arc1_final_kaggle_with_additional_video_push-up_3.mp4,150,150,100.0,
push-up,arc1_final_kaggle_with_additional_video_push-up_4.mp4,150,150,100.0,
push-up,arc1_final_kaggle_with_additional_video_push-up_5.mp4,150,150,100.0,
push-up,arc1_final_kaggle_with_additional_video_push-up_6.mp4,150,150,100.0,
push-up,arc1_final_kaggle_with_additional_video_push-up_7.mp4,150,150,100.0,
push-up,arc1_final_kaggle_with_additional_video_push-up_8.mp4,150,150,100.0,
push-up,arc1_final_kaggle_with_additional_video_push-up_9.mp4,150,150,100.0,
push-up,arc1_my_test_video_1_push-up_1.mp4,422,422,100.0,
push-up,arc1_my_test_video_1_push-up_2.mp4,362,360,99.45,
push-up,arc1_my_test_video_1_push-up_3.mp4,366,365,99.73,
push-up,arc1_similar_dataset_01b09356-3985-474f-827f-20c79cfcda78.mp4,550,550,100.0,
push-up,arc1_similar_dataset_02dd7b9d-c7fe-41b8-993a-e250b07a5ceb.mp4,300,299,99.67,
push-up,arc1_similar_dataset_10cad66c-a298-4de5-ac55-16ff825f8101.mp4,215,215,100.0,
push-up,arc1_similar_dataset_53f39e2a-4ca3-45d1-af84-6ddfde7ff818.mp4,300,300,100.0,
push-up,arc1_similar_dataset_57f76c55-838a-4184-9ad0-effced296b5c.mp4,215,215,100.0,
push-up,arc1_similar_dataset_5b596f14-2afd-45c1-a79b-f5b61bf050a7.mp4,86,86,100.0,
push-up,arc1_similar_dataset_5e507b14-eaeb-4b1a-9ff0-3de5883d0d22.mp4,550,549,99.82,
push-up,arc1_similar_dataset_64f7ef6d-5a82-48e1-b75f-cca64f151315.mp4,588,588,100.0,
push-up,arc1_similar_dataset_6e4f0e04-4dbd-476c-9884-a476bd7a2c33.mp4,300,299,99.67,
push-up,arc1_similar_dataset_a31bfef9-b3ea-4fb9-8541-572fa62f15bb.mp4,550,549,99.82,
push-up,arc1_similar_dataset_bd26f1c8-271f-45d2-a877-0deaa4f6e6f2.mp4,550,550,100.0,
push-up,arc1_similar_dataset_v_PushUps_g01_c02.avi,53,53,100.0,
push-up,arc1_similar_dataset_v_PushUps_g17_c02.avi,81,80,98.77,
push-up,arc1_similar_dataset_v_PushUps_g17_c03.avi,74,74,100.0,
push-up,arc1_similar_dataset_v_PushUps_g19_c03.avi,76,75,98.68,
push-up,arc1_similar_dataset_v_PushUps_g25_c01.avi,90,90,100.0,
push-up,arc1_similar_dataset_v_PushUps_g25_c02.avi,109,109,100.0,
push-up,arc2_push-up_11.mp4,150,150,100.0,
push-up,arc2_push-up_12.mp4,150,150,100.0,
push-up,arc2_push-up_13.mp4,150,147,98.0,
push-up,arc2_push-up_14.mp4,150,148,98.67,
push-up,arc2_push-up_15.mp4,83,82,98.8,
push-up,arc2_push-up_17.mp4,91,90,98.9,
push-up,arc2_push-up_18.mp4,70,70,100.0,
push-up,arc2_push-up_19.mp4,150,149,99.33,
push-up,arc2_push-up_22.mp4,150,149,99.33,
push-up,arc2_push-up_28.mp4,113,113,100.0,
push-up,arc2_push-up_30.mp4,140,128,91.43,
push-up,arc2_push-up_31.mp4,150,150,100.0,
push-up,arc2_push-up_32.mp4,150,149,99.33,
push-up,arc2_push-up_33.mp4,146,146,100.0,
push-up,arc2_push-up_34.mp4,114,114,100.0,
push-up,arc2_push-up_35.mp4,150,150,100.0,
push-up,arc2_push-up_37.mp4,149,147,98.66,
push-up,arc2_push-up_42.mp4,150,150,100.0,
push-up,arc2_push-up_46.mp4,150,150,100.0,
push-up,arc2_push-up_47.mp4,105,105,100.0,
push-up,arc2_push-up_48.mp4,150,150,100.0,
push-up,arc2_push-up_49.mp4,150,149,99.33,
push-up,arc2_push-up_50.mp4,150,150,100.0,
push-up,arc2_push-up_51.mp4,133,132,99.25,
push-up,arc2_push-up_53.mp4,663,663,100.0,
romanian_deadlift,arc2_romanian_deadlift_1.mov,347,346,99.71,
romanian_deadlift,arc2_romanian_deadlift_10.mp4,140,139,99.29,
romanian_deadlift,arc2_romanian_deadlift_11.mp4,102,102,100.0,
romanian_deadlift,arc2_romanian_deadlift_12.mp4,225,191,84.89,
romanian_deadlift,arc2_romanian_deadlift_13.mp4,290,288,99.31,
romanian_deadlift,arc2_romanian_deadlift_14.mp4,330,330,100.0,
romanian_deadlift,arc2_romanian_deadlift_2.MOV,491,490,99.8,
romanian_deadlift,arc2_romanian_deadlift_3.mov,396,396,100.0,
romanian_deadlift,arc2_romanian_deadlift_4.MOV,350,350,100.0,
romanian_deadlift,arc2_romanian_deadlift_5.mp4,242,241,99.59,
romanian_deadlift,arc2_romanian_deadlift_6.mp4,88,87,98.86,
romanian_deadlift,arc2_romanian_deadlift_7.mp4,366,240,65.57,
romanian_deadlift,arc2_romanian_deadlift_9.mp4,618,561,90.78,
russian_twist,arc2_russian_twist_1.MOV,1054,1054,100.0,
russian_twist,arc2_russian_twist_10.mp4,138,138,100.0,
russian_twist,arc2_russian_twist_11.mp4,183,183,100.0,
russian_twist,arc2_russian_twist_12.mp4,146,146,100.0,
russian_twist,arc2_russian_twist_13.mp4,225,225,100.0,
russian_twist,arc2_russian_twist_2.mp4,208,208,100.0,
russian_twist,arc2_russian_twist_3.mp4,214,213,99.53,
russian_twist,arc2_russian_twist_4.mp4,554,554,100.0,
russian_twist,arc2_russian_twist_5.mp4,1445,1425,98.62,
russian_twist,arc2_russian_twist_6.mp4,526,525,99.81,
russian_twist,arc2_russian_twist_7.mp4,247,246,99.6,
russian_twist,arc2_russian_twist_8.mp4,310,299,96.45,
russian_twist,arc2_russian_twist_9.mp4,244,216,88.52,
shoulder_press,arc1_final_kaggle_with_additional_video_shoulder_press_10.mp4,384,384,100.0,
shoulder_press,arc1_final_kaggle_with_additional_video_shoulder_press_11.mp4,210,210,100.0,
shoulder_press,arc1_final_kaggle_with_additional_video_shoulder_press_12.mp4,272,272,100.0,
shoulder_press,arc1_final_kaggle_with_additional_video_shoulder_press_13.mp4,204,204,100.0,
shoulder_press,arc1_final_kaggle_with_additional_video_shoulder_press_14.mp4,183,183,100.0,
shoulder_press,arc1_final_kaggle_with_additional_video_shoulder_press_15.mp4,288,288,100.0,
shoulder_press,arc1_final_kaggle_with_additional_video_shoulder_press_16.mp4,312,312,100.0,
shoulder_press,arc1_final_kaggle_with_additional_video_shoulder_press_17.mp4,249,249,100.0,
shoulder_press,arc1_final_kaggle_with_additional_video_shoulder_press_19.MOV,585,585,100.0,
shoulder_press,arc1_final_kaggle_with_additional_video_shoulder_press_2.mp4,233,232,99.57,
shoulder_press,arc1_final_kaggle_with_additional_video_shoulder_press_21.mov,603,597,99.0,
shoulder_press,arc1_final_kaggle_with_additional_video_shoulder_press_24.mp4,492,487,98.98,
shoulder_press,arc1_final_kaggle_with_additional_video_shoulder_press_25.mp4,233,233,100.0,
shoulder_press,arc1_final_kaggle_with_additional_video_shoulder_press_3.MOV,396,396,100.0,
shoulder_press,arc1_final_kaggle_with_additional_video_shoulder_press_4.MOV,420,420,100.0,
shoulder_press,arc1_final_kaggle_with_additional_video_shoulder_press_5.mp4,292,292,100.0,
shoulder_press,arc1_final_kaggle_with_additional_video_shoulder_press_6.mp4,156,156,100.0,
shoulder_press,arc1_final_kaggle_with_additional_video_shoulder_press_7.mp4,315,315,100.0,
shoulder_press,arc1_final_kaggle_with_additional_video_shoulder_press_8.mp4,118,118,100.0,
shoulder_press,arc1_final_kaggle_with_additional_video_shoulder_press_9.mp4,270,270,100.0,
shoulder_press,arc1_my_test_video_1_shoulder_press_1.mp4,439,439,100.0,
shoulder_press,arc1_my_test_video_1_shoulder_press_2.mp4,353,352,99.72,
shoulder_press,arc1_my_test_video_1_shoulder_press_3.mp4,491,491,100.0,
shoulder_press,arc1_my_test_video_1_shoulder_press_4.mp4,449,449,100.0,
shoulder_press,arc1_similar_dataset_17496a37-c1f7-4105-9c07-e7cfbca06106.mp4,270,270,100.0,
shoulder_press,arc1_similar_dataset_237de26b-2b1e-4f62-9844-b30fc9860c72.mp4,300,299,99.67,
shoulder_press,arc1_similar_dataset_30fe126e-0985-48af-813f-65c30d49913d.mp4,288,288,100.0,
shoulder_press,arc1_similar_dataset_51f72e68-ec28-4272-b15c-45586c244398.mp4,312,312,100.0,
shoulder_press,arc1_similar_dataset_555859e7-8a16-4494-8dca-dff27cbdd9c8.mp4,299,299,100.0,
shoulder_press,arc1_similar_dataset_6397dc79-5ba3-4244-a426-c24d6e7cfeb0.mp4,300,300,100.0,
shoulder_press,arc1_similar_dataset_a34f39ab-161f-41fe-853d-3eeea21073bd.mp4,402,389,96.77,
shoulder_press,arc1_similar_dataset_b066cbc1-931a-4af5-b668-36e98e7091b6.mp4,302,301,99.67,
shoulder_press,arc1_similar_dataset_b8a72e6b-f7ad-406a-9aa5-a3df903ec40e.mp4,245,245,100.0,
shoulder_press,arc1_similar_dataset_f44ec93a-ce42-46a4-97f4-015bea952a00.mp4,288,287,99.65,
shoulder_press,arc1_similar_dataset_fc319e88-4be0-467e-9dfd-cb7b3512f3ed.mp4,216,214,99.07,
shoulder_press,arc1_similar_dataset_shoulder_press_12.mp4,272,272,100.0,
shoulder_press,arc1_similar_dataset_shoulder_press_3.MOV,396,396,100.0,
shoulder_press,arc1_similar_dataset_shoulder_press_4.MOV,420,420,100.0,
shoulder_press,arc1_similar_dataset_shoulder_press_6.mp4,156,156,100.0,
shoulder_press,arc1_similar_dataset_shoulder_press_7.mp4,315,315,100.0,
shoulder_press,arc1_similar_dataset_shoulder_press_8.mp4,118,118,100.0,
shoulder_press,arc1_similar_dataset_shoulder_press_9.mp4,270,270,100.0,
shoulder_press,arc2_shoulder_press_1.MOV,513,513,100.0,
shoulder_press,arc2_shoulder_press_10.mp4,384,384,100.0,
shoulder_press,arc2_shoulder_press_11.mp4,210,210,100.0,
shoulder_press,arc2_shoulder_press_12.mp4,272,272,100.0,
shoulder_press,arc2_shoulder_press_13.mp4,204,204,100.0,
shoulder_press,arc2_shoulder_press_14.mp4,183,183,100.0,
shoulder_press,arc2_shoulder_press_15.mp4,288,288,100.0,
shoulder_press,arc2_shoulder_press_16.mp4,312,312,100.0,
shoulder_press,arc2_shoulder_press_17.mp4,249,249,100.0,
shoulder_press,arc2_shoulder_press_2.MOV,585,585,100.0,
shoulder_press,arc2_shoulder_press_3.MOV,396,396,100.0,
shoulder_press,arc2_shoulder_press_4.MOV,420,420,100.0,
shoulder_press,arc2_shoulder_press_5.mp4,292,292,100.0,
shoulder_press,arc2_shoulder_press_6.mp4,156,156,100.0,
shoulder_press,arc2_shoulder_press_7.mp4,315,315,100.0,
shoulder_press,arc2_shoulder_press_8.mp4,118,118,100.0,
shoulder_press,arc2_shoulder_press_9.mp4,270,270,100.0,
squat,arc1_final_kaggle_with_additional_video_squat_1.MOV,587,587,100.0,
squat,arc1_final_kaggle_with_additional_video_squat_10.mp4,175,175,100.0,
squat,arc1_final_kaggle_with_additional_video_squat_11.mp4,144,144,100.0,
squat,arc1_final_kaggle_with_additional_video_squat_12.mp4,113,113,100.0,
squat,arc1_final_kaggle_with_additional_video_squat_14.mp4,101,101,100.0,
squat,arc1_final_kaggle_with_additional_video_squat_15.mp4,280,280,100.0,
squat,arc1_final_kaggle_with_additional_video_squat_16.mp4,47,47,100.0,
squat,arc1_final_kaggle_with_additional_video_squat_2.MOV,430,430,100.0,
squat,arc1_final_kaggle_with_additional_video_squat_20.mp4,233,233,100.0,
squat,arc1_final_kaggle_with_additional_video_squat_21.mp4,274,274,100.0,
squat,arc1_final_kaggle_with_additional_video_squat_22.mp4,378,377,99.74,
squat,arc1_final_kaggle_with_additional_video_squat_23.mp4,432,432,100.0,
squat,arc1_final_kaggle_with_additional_video_squat_24.mp4,647,646,99.85,
squat,arc1_final_kaggle_with_additional_video_squat_25.mp4,368,367,99.73,
squat,arc1_final_kaggle_with_additional_video_squat_3.MOV,639,639,100.0,
squat,arc1_final_kaggle_with_additional_video_squat_5.MOV,656,656,100.0,
squat,arc1_final_kaggle_with_additional_video_squat_7.mp4,237,237,100.0,
squat,arc1_final_kaggle_with_additional_video_squat_8.mp4,360,360,100.0,
squat,arc1_my_test_video_1_squat_1.mp4,545,544,99.82,
squat,arc1_my_test_video_1_squat_2.mp4,424,424,100.0,
squat,arc1_similar_dataset_385c01f2-e604-46d4-a84b-949b733395dd.mp4,120,120,100.0,
squat,arc1_similar_dataset_6dddd176-2460-48cf-bd01-3eaaa0dc754f.mp4,300,299,99.67,
squat,arc1_similar_dataset_71ef5d06-bfea-449b-8ff3-b428ae7dbaa7.mp4,240,239,99.58,
squat,arc1_similar_dataset_897f5a21-f1a1-477e-aa8b-11b7ee9378d2.mp4,180,180,100.0,
squat,arc1_similar_dataset_v_BodyWeightSquats_g01_c01.avi,267,267,100.0,
squat,arc1_similar_dataset_v_BodyWeightSquats_g01_c02.avi,252,252,100.0,
squat,arc1_similar_dataset_v_BodyWeightSquats_g02_c02.avi,57,57,100.0,
squat,arc1_similar_dataset_v_BodyWeightSquats_g02_c03.avi,117,117,100.0,
squat,arc1_similar_dataset_v_BodyWeightSquats_g04_c03.avi,88,87,98.86,
squat,arc1_similar_dataset_v_BodyWeightSquats_g04_c04.avi,63,62,98.41,
squat,arc1_similar_dataset_v_BodyWeightSquats_g06_c01.avi,179,179,100.0,
squat,arc1_similar_dataset_v_BodyWeightSquats_g06_c02.avi,122,122,100.0,
squat,arc1_similar_dataset_v_BodyWeightSquats_g15_c03.avi,137,137,100.0,
squat,arc1_similar_dataset_v_BodyWeightSquats_g15_c04.avi,126,126,100.0,
squat,arc1_similar_dataset_v_BodyWeightSquats_g22_c03.avi,138,137,99.28,
squat,arc2_squat_13.mp4,130,130,100.0,
squat,arc2_squat_29.mp4,55,54,98.18,
squat,arc2_squat_7.mp4,58,58,100.0,
squat,arc2_squat_8.mp4,101,101,100.0,
squat,arc2_squat_9.mp4,72,69,95.83,
t_bar_row,arc2_t_bar_row_1.MOV,334,334,100.0,
t_bar_row,arc2_t_bar_row_10.mp4,125,125,100.0,
t_bar_row,arc2_t_bar_row_11.mp4,124,124,100.0,
t_bar_row,arc2_t_bar_row_12.mp4,228,228,100.0,
t_bar_row,arc2_t_bar_row_13.mp4,86,86,100.0,
t_bar_row,arc2_t_bar_row_14.mp4,139,139,100.0,
t_bar_row,arc2_t_bar_row_15.mp4,142,142,100.0,
t_bar_row,arc2_t_bar_row_16.mp4,480,480,100.0,
t_bar_row,arc2_t_bar_row_17.mp4,390,390,100.0,
t_bar_row,arc2_t_bar_row_18.mp4,393,392,99.75,
t_bar_row,arc2_t_bar_row_20.mp4,752,752,100.0,
t_bar_row,arc2_t_bar_row_21.mp4,423,423,100.0,
t_bar_row,arc2_t_bar_row_3.MOV,414,414,100.0,
t_bar_row,arc2_t_bar_row_4.MOV,445,445,100.0,
t_bar_row,arc2_t_bar_row_5.MOV,445,445,100.0,
t_bar_row,arc2_t_bar_row_6.MOV,404,404,100.0,
t_bar_row,arc2_t_bar_row_7.MOV,503,502,99.8,
t_bar_row,arc2_t_bar_row_9.mp4,175,174,99.43,
tricep_dips,arc2_tricep_dips_1.MOV,594,594,100.0,
tricep_dips,arc2_tricep_dips_10.mp4,447,447,100.0,
tricep_dips,arc2_tricep_dips_11.mp4,369,369,100.0,
tricep_dips,arc2_tricep_dips_12.mp4,55,55,100.0,
tricep_dips,arc2_tricep_dips_13.mp4,110,110,100.0,
tricep_dips,arc2_tricep_dips_14.mp4,162,161,99.38,
tricep_dips,arc2_tricep_dips_15.mp4,195,195,100.0,
tricep_dips,arc2_tricep_dips_16.mp4,324,324,100.0,
tricep_dips,arc2_tricep_dips_17.mp4,669,669,100.0,
tricep_dips,arc2_tricep_dips_18.mp4,606,606,100.0,
tricep_dips,arc2_tricep_dips_19.mp4,501,501,100.0,
tricep_dips,arc2_tricep_dips_2.MOV,799,790,98.87,
tricep_dips,arc2_tricep_dips_20.mp4,297,296,99.66,
tricep_dips,arc2_tricep_dips_3.MOV,494,493,99.8,
tricep_dips,arc2_tricep_dips_4.MOV,191,163,85.34,
tricep_dips,arc2_tricep_dips_7.mp4,321,321,100.0,
tricep_dips,arc2_tricep_dips_9.mp4,390,369,94.62,
tricep_pushdown,arc2_tricep_pushdown_1.mp4,79,79,100.0,
tricep_pushdown,arc2_tricep_pushdown_10.mp4,90,90,100.0,
tricep_pushdown,arc2_tricep_pushdown_11.mp4,91,91,100.0,
tricep_pushdown,arc2_tricep_pushdown_12.mp4,98,98,100.0,
tricep_pushdown,arc2_tricep_pushdown_13.mp4,65,65,100.0,
tricep_pushdown,arc2_tricep_pushdown_14.mp4,52,52,100.0,
tricep_pushdown,arc2_tricep_pushdown_15.mp4,59,59,100.0,
tricep_pushdown,arc2_tricep_pushdown_16.mp4,87,87,100.0,
tricep_pushdown,arc2_tricep_pushdown_17.mp4,74,74,100.0,
tricep_pushdown,arc2_tricep_pushdown_18.mp4,91,91,100.0,
tricep_pushdown,arc2_tricep_pushdown_19.mp4,97,93,95.88,
tricep_pushdown,arc2_tricep_pushdown_2.mp4,77,77,100.0,
tricep_pushdown,arc2_tricep_pushdown_20.mp4,57,57,100.0,
tricep_pushdown,arc2_tricep_pushdown_21.mp4,50,50,100.0,
tricep_pushdown,arc2_tricep_pushdown_22.mp4,67,67,100.0,
tricep_pushdown,arc2_tricep_pushdown_23.mp4,64,64,100.0,
tricep_pushdown,arc2_tricep_pushdown_24.mp4,87,86,98.85,
tricep_pushdown,arc2_tricep_pushdown_25.mp4,70,70,100.0,
tricep_pushdown,arc2_tricep_pushdown_26.mp4,74,74,100.0,
tricep_pushdown,arc2_tricep_pushdown_27.mp4,78,78,100.0,
tricep_pushdown,arc2_tricep_pushdown_28.mp4,90,90,100.0,
tricep_pushdown,arc2_tricep_pushdown_29.mp4,83,83,100.0,
tricep_pushdown,arc2_tricep_pushdown_3.mp4,66,66,100.0,
tricep_pushdown,arc2_tricep_pushdown_30.mp4,91,91,100.0,
tricep_pushdown,arc2_tricep_pushdown_31.mp4,76,76,100.0,
tricep_pushdown,arc2_tricep_pushdown_32.mp4,85,16,18.82,
tricep_pushdown,arc2_tricep_pushdown_33.mp4,73,9,12.33,
tricep_pushdown,arc2_tricep_pushdown_34.mp4,61,61,100.0,
tricep_pushdown,arc2_tricep_pushdown_35.mp4,60,60,100.0,
tricep_pushdown,arc2_tricep_pushdown_36.mp4,55,55,100.0,
tricep_pushdown,arc2_tricep_pushdown_37.mp4,41,41,100.0,
tricep_pushdown,arc2_tricep_pushdown_38.mp4,102,102,100.0,
tricep_pushdown,arc2_tricep_pushdown_39.mp4,209,209,100.0,
tricep_pushdown,arc2_tricep_pushdown_4.mp4,56,53,94.64,
tricep_pushdown,arc2_tricep_pushdown_40.mp4,426,426,100.0,
tricep_pushdown,arc2_tricep_pushdown_41.mp4,222,200,90.09,
tricep_pushdown,arc2_tricep_pushdown_42.mp4,471,372,78.98,
tricep_pushdown,arc2_tricep_pushdown_43.mp4,194,193,99.48,
tricep_pushdown,arc2_tricep_pushdown_44.mp4,180,180,100.0,
tricep_pushdown,arc2_tricep_pushdown_45.mp4,201,201,100.0,
tricep_pushdown,arc2_tricep_pushdown_46.mp4,225,224,99.56,
tricep_pushdown,arc2_tricep_pushdown_47.mp4,99,99,100.0,
tricep_pushdown,arc2_tricep_pushdown_48.mp4,257,257,100.0,
tricep_pushdown,arc2_tricep_pushdown_49.mp4,468,468,100.0,
tricep_pushdown,arc2_tricep_pushdown_5.mp4,57,56,98.25,
tricep_pushdown,arc2_tricep_pushdown_50.mp4,192,192,100.0,
tricep_pushdown,arc2_tricep_pushdown_6.mp4,70,70,100.0,
tricep_pushdown,arc2_tricep_pushdown_7.mp4,90,90,100.0,
tricep_pushdown,arc2_tricep_pushdown_8.mp4,78,78,100.0,
tricep_pushdown,arc2_tricep_pushdown_9.mp4,30,30,100.0,
